"€1,500 monthly","1 bedroom (1 double), 1 bathroom, furnished","Derrynane Square, Dorset Street, Dublin 1"
"€1,100 monthly","1 bedroom (1 double), 1 bathroom, furnished","Drinaghamore Avenue, Carrickmines, Dublin 18"
"€1,640 monthly","1 bedroom (1 double), 1 bathroom, furnished","Pudding Row, Temple Bar, Dublin 2"
"€1,350 monthly","1 bedroom (1 double), 1 bathroom, furnished","St Augustin Street, Christchurch, Dublin 8"
"€1,615 monthly","3 bedrooms (3 double), 2 bathrooms, unfurnished","Riverwood Court, Castleknock, Dublin 15"
"€2,000 monthly","3 bedrooms (2 single, 1 double), 1 bathroom, furnished","The Ultimate Flat, Light Side Lane, Dublin 2"
"€1,500 monthly","1 bedroom (1 double), 1 bathroom, furnished","Crofton Road, Dun Laoghaire, Co. Dublin"
"€1,664 monthly","3 bedrooms (3 double), 1 bathroom, furnished","Raheen Crescent, Tallaght, Dublin 24"
"€1,645 monthly","2 bedrooms (2 double), 1 bathroom, furnished","9 St John's Cottages, Kilmainham Lane, Kilmainham, Dublin 8"
"€1,400 monthly","1 bedroom (1 double), 1 bathroom, furnished","Belgrave Square North, Ranelagh, Dublin 6"
"€1,090 monthly",studio apartment to rent,"Grosvenor Square, Rathmines, Dublin 6"
€850 monthly,studio apartment to rent,"19 Glenlyon Grove, Ballycullen Road, Knocklyon, Dublin 16"
"€1,693 monthly","1 bedroom (1 double), 1 bathroom, furnished","Sweepstakes, Ballsbridge, Dublin 4"
"€2,000 monthly","3 bedrooms (2 single, 1 double), 1 bathroom, furnished","Whiteoak, Clonskeagh, Dublin 14"
"€2,000 monthly","3 bedrooms (1 single, 2 double), 3 bathrooms, unfurnished","Esker Meadow, Lucan, Co. Dublin"
"€1,664 monthly","2 bedrooms (2 double), 1 bathroom, furnished","49 Shelbourne Village, Ringsend Road, Dublin 4, Ringsend, Dublin 4"
€900 monthly,studio apartment to rent,"28 Albert College Cresent Glasnevin Dublin 9, Glasnevin, Dublin 9"
"€1,450 monthly","2 bedrooms (1 single, 1 double), 1 bathroom, furnished","351 Harolds Cross Road., Harold's Cross, Dublin 6"
"€1,800 monthly","2 bedrooms (2 double), 2 bathrooms, unfurnished","Oak Hall, Malahide, Co. Dublin"
"€1,125 monthly","1 bedroom (1 double), 1 bathroom, furnished","The Crescent, Ongar, Dublin 15"
"€2,000 monthly","2 bedrooms (2 double), 2 bathrooms, furnished","1 The Spinnaker, Robswall, Malahide, Co Dublin, Malahide, Co. Dublin"
"€1,508 monthly","2 bedrooms (2 double), 1 bathroom, furnished","Clonard Road, Crumlin, Dublin 12"
"€1,800 monthly","3 bedrooms (2 double, 1 twin), 2 bathrooms, furnished","21 Cowper Downs, Rathmines, Dublin 6"
€793 monthly,"3 bedrooms (3 double), 3 bathrooms, furnished","Upper leeson st, Dublin 4"
"€1,500 monthly","3 bedrooms (1 single, 2 double), 2 bathrooms, furnished","Coopers Walk, Lusk, Co. Dublin"
"€1,500 monthly","2 bedrooms (2 double), 2 bathrooms, furnished","Waterville Terrace, Waterville, Blanchardstown, Dublin 15"
"€1,690 monthly","2 bedrooms (2 double), 1 bathroom, furnished","Harcourt Lodge, Southern Cross Ave, Dublin 8"
"€1,200 monthly","2 bedrooms (1 single, 1 double), 2 bathrooms, furnished","51 Chieftain's Court, Chieftain's Way, Balbriggan, Balbriggan, Co. Dublin"
"€1,526 monthly","3 bedrooms (3 double), 2 bathrooms, furnished","25 Belmayne Park North, Balgriffin, Dublin 13"
"€1,831 monthly","2 bedrooms (2 double), 1 bathroom, furnished","Kenmare House, North Great Georges Street, Dublin 1"
"€1,900 monthly","2 bedrooms (2 double), 1 bathroom, furnished","Carnew Street, Stoneybatter, Dublin 7"
"€1,500 monthly","2 bedrooms (2 double), 2 bathrooms, furnished","Fernleigh Crescent, Castleknock, Dublin 15"
"€1,410 monthly","1 bedroom (1 double), 1 bathroom, furnished","House 12, Linden Square, Off Grove Avenue, Blackrock, Co. Dublin"
"€1,720 monthly","2 bedrooms (2 double), 1 bathroom, furnished","Saint Columbanus Avenue, Milltown, Dublin 6"
"€1,750 monthly","2 bedrooms (1 single, 1 double), 1 bathroom, furnished","61 Kirwan Street Cottages, Stoneybatter, Dublin 7"
"€1,850 monthly","2 bedrooms (2 double), 2 bathrooms, furnished","33 Knocklyon Gate, Knocklyon, Dublin 16"
"€1,800 monthly","3 bedrooms (3 single), 1 bathroom, furnished","72 Killester Avenue, Killester, Dublin 3"
"€1,820 monthly","2 bedrooms (2 double), 2 bathrooms, furnished","8 Old Quay Terrace, Sutton Strand, Sutton, Dublin 13"
€900 monthly,"1 bedroom (1 double), 1 bathroom, furnished","Landacape Ave, Churchtown, Dublin 14"
"€1,550 monthly","1 bedroom (1 double), 1 bathroom, furnished","Lower Rathmines Rd / Portobello, Rathmines, Dublin 6"
"€1,400 monthly","1 bedroom (1 double), 1 bathroom, furnished","Williams Park, Rathmines, Dublin 6"
"€2,000 monthly","3 bedrooms (1 single, 2 double), 2 bathrooms, furnished","29 Warrenstown Green, Mulhuddart, Dublin 15"
"€1,950 monthly","1 bedroom (1 double), 1 bathroom, furnished","Crofton Road, Dun Laoghaire, Co. Dublin"
"€1,300 monthly","2 bedrooms (2 double), 1 bathroom, furnished","Apartment33 Rosedale, Tyrconnell Street, Inchicore, Dublin 8"
"€1,950 monthly","3 bedrooms (1 single, 2 double), 1 bathroom, furnished","3 Belmont Park, Raheny, Dublin 5"
"€1,600 monthly","1 bedroom (1 double), 1 bathroom, furnished","The Sycamore, Parkview, Stepaside, Dublin 18, Stepaside, Dublin 18"
"€1,500 monthly","1 bedroom (1 double), 1 bathroom, furnished","Apt 184, Block D, Castleforbes Square, Dublin 1"
"€1,500 monthly","2 bedrooms (2 double), 1 bathroom, furnished","21 Cedarbrook Way, Cherry Orchard, Dublin 10"
"€2,000 monthly","2 bedrooms (1 single, 1 double), 1 bathroom, furnished or unfurnished","Richmond Park, Monkstown, Co. Dublin"
"€1,650 monthly","1 bedroom (1 double), 1 bathroom, furnished","18 Mimosa Hall, Levmos Park, Leopardstown, Dublin 18"
"€1,150 monthly",studio apartment to rent,"Lower Rathmines Road, Rathmines, Dublin 6"
"€1,850 monthly","1 bedroom (1 double), 1 bathroom, furnished","The Bookend, Exchequer Street, Temple Bar, Dublin 2"
"€2,000 monthly","3 bedrooms (3 double), 2 bathrooms, furnished","Carrigmore Crescent, Citywest, Co. Dublin"
"€1,650 monthly","2 bedrooms (2 double), 1 bathroom, furnished","48b Eskerlawns Esker Place, Lucan, Co. Dublin"
"€2,000 monthly","3 bedrooms (1 single, 2 double), 3 bathrooms, furnished","46 Galtrim Grange, Malahide, Co. Dublin"
"€1,450 monthly","1 bedroom (1 double), 1 bathroom, furnished","Mary Street, off Capel Street, Dublin 1"
"€1,375 monthly","1 bedroom (1 double), 1 bathroom, furnished","Martin's Row,drummond House , Main St , Chapelizo, Chapelizod, Dublin 20"
"€1,800 monthly","2 bedrooms (1 single, 1 double), 1 bathroom, furnished","25 Richmond Avenue, Fairview, Dublin 3"
"€1,950 monthly","2 bedrooms (2 double), 1 bathroom, furnished","Merrion Village, Merrion Road, Ballsbridge, Dublin 4"
"€1,988 monthly","4 bedrooms (2 single, 2 double), 1 bathroom, furnished","Drynam Court, Swords, Co. Dublin"
€950 monthly,studio apartment to rent,"Victoria St., Portobello, Dublin 8"
"€1,400 monthly","1 bedroom (1 double), 1 bathroom, furnished","69 Adelaide Road, Dublin 2"
"€1,600 monthly","2 bedrooms (2 double), 2 bathrooms, furnished","Boroimhe, Swords, Co. Dublin"
"€1,900 monthly","2 bedrooms (2 double), 2 bathrooms, furnished","Abbot Court, Dun Laoghaire, Co. Dublin"
"€1,248 monthly","1 bedroom (1 double), 1 bathroom, furnished","45 Cabra Park . Dublin 7, Dublin 7"
"€1,150 monthly",studio apartment to rent,"96 North Circular Rd, North Circular Road, Dublin 7"
€300 weekly,"1 bedroom (1 double), 1 bathroom, furnished","Frederick Street North, Dublin 1"
"€1,550 monthly","2 bedrooms (2 double), 2 bathrooms, furnished","Finnstown Hall, Haydens Lane, Lucan, Co. Dublin"
"€1,600 monthly","2 bedrooms (2 double), 2 bathrooms, furnished","Verdemont, Snugsborough Road, Blanchardstown, Dublin 15"
"€1,850 monthly","3 bedrooms (1 single, 2 double), 3 bathrooms, furnished","Redcourt Oaks, Clontarf, Dublin 3"
"€1,950 monthly","2 bedrooms (2 double), 2 bathrooms, furnished","Grove House, Milltown Road, Milltown, Dublin 6"
"€1,200 monthly","1 bedroom (1 double), 1 bathroom, furnished","Stamer Street, Portobello, Dublin 8"
"€1,250 monthly","1 bedroom (1 double), 1 bathroom, furnished","47 Coldwell Street, Glasthule, Co. Dublin"
"€1,500 monthly",studio apartment to rent,"The Old Mill, Phibsborough, Dublin 7"
€800 monthly,studio apartment to rent,"54 Inchicore Road, Kilmainham, Dublin 8"
"€1,875 monthly","2 bedrooms (2 double), 2 bathrooms, furnished","Leinster Road, Rathmines, Dublin 6"
"€2,000 monthly","4 bedrooms (1 single, 3 double), 3 bathrooms, furnished","53 Brides Glen Park, Swords, Co. Dublin"
"€1,850 monthly","3 bedrooms (1 single, 2 double), 3 bathrooms, furnished","Boroimhe Aspen 74, Swords, Co. Dublin"
"€1,550 monthly","1 bedroom (1 double), 1 bathroom, furnished","1 Millrace Court, Castleknock, Castleknock, Dublin 15"
"€1,600 monthly","3 bedrooms (3 double), 1 bathroom, furnished","61 Griffith Road, Ballygall, Finglas, Dublin 11"
"€1,750 monthly","2 bedrooms (2 double), 1 bathroom, furnished","West Gate, Christchurch, Dublin 8, Christchurch, Dublin 8"
"€1,800 monthly","3 bedrooms (3 double), 3 bathrooms, furnished","Mount Garrett Crescent, Tyrrelstown, Dublin 15"
€700 monthly,studio apartment to rent,"10 Patrick Street, Dun Laoghaire, Co. Dublin"
"€1,250 monthly","2 bedrooms (2 double), 1 bathroom, furnished","Brecan Close, Balbriggan, Co. Dublin"
"€2,000 monthly","2 bedrooms (2 double), 2 bathrooms, furnished","The Pavillion, Roebuck Hill, Clonskeagh, Dublin 14"
"€1,900 monthly","2 bedrooms (2 double), 2 bathrooms, furnished","Old Malahide Road, Coolock, Dublin 5"
"€1,400 monthly","1 bedroom (1 double), 1 bathroom, furnished","Seafield Road West, Clontarf, Dublin 3"
"€1,650 monthly","1 bedroom (1 single), 1 bathroom, furnished","Broomfield Mews, Malahide, Co. Dublin"
"€1,500 monthly","2 bedrooms (2 double), 2 bathrooms, furnished","Exchange Hall, Tallaght, Dublin 24"
"€1,650 monthly","3 bedrooms (1 single, 2 double), 2 bathrooms, furnished","Deselby Drive, Tallaght, Dublin 24"
"€1,925 monthly","2 bedrooms (2 double), 1 bathroom, furnished","Castleforbes Square, Dublin 1"
"€1,650 monthly","1 bedroom (1 double), 1 bathroom, furnished","Kenilworth Road, Rathmines, Dublin 6"
"€1,638 monthly","1 bedroom (1 double), 1 bathroom, furnished","Seamount, Stillorgan Road, Blackrock, Co. Dublin"
"€1,450 monthly","2 bedrooms (2 double), 2 bathrooms, furnished","6 Bealing Avenue, Tyrrelstown, Dublin 15"
"€1,652 monthly","2 bedrooms (2 double), 2 bathrooms, furnished","Corn Mill, Distillery Road, Drumcondra, Dublin 3"
€630 monthly,studio apartment to rent,"Mourne Road, Drimnagh, Dublin 12"
€235 weekly,"4 bedrooms (4 single), 4 bathrooms, furnished","Hazelwood Village, Northwood, Santry, Dublin 9"
"€1,400 monthly","2 bedrooms (2 double), 1 bathroom, furnished","Phibblestown Wood, Ongar, Dublin 15"
"€1,000 monthly","1 bedroom (1 double), 1 bath","Reuban Avenue, Rialto, Dublin 8"
"€1,700 monthly","2 bedrooms (2 double), 2 bathrooms, furnished","3 Castleterrace House, Malahide, Co. Dublin"
"€1,920 monthly","2 bedrooms (2 double), 1 bathroom, furnished","Apt 3, 61 Serpentine Avenue, Ballsbridge, Dublin 4"
"€1,500 monthly","2 bedrooms (2 double), 1 bathroom, furnished","The Park, Larchill, Santry, Dublin 9"
"€1,900 monthly","2 bedrooms (2 double), 1 bathroom, furnished","Apt 5 Brooklawn House, Brooklawn, Mount Merrion Av, Blackrock, Co. Dublin"
"€1,850 monthly","2 bedrooms (1 double, 1 twin), 2 bathrooms, furnished","The Orchard, Lucan, Co. Dublin"
"€1,900 monthly","2 bedrooms (2 double), 1 bathroom, furnished","Rothe Abbey, Kilmainham, Dublin 8"
"€1,356 monthly","1 bedroom (1 double), 1 bathroom, furnished","103a Rathmines Road Upper, Rathmines, Dublin 6"
"€1,400 monthly","2 bedrooms (2 double), 2 bathrooms, furnished","Arus Na Cluine, Clondalkin, Dublin 22"
"€1,706 monthly","3 bedrooms (1 single, 2 double), 1 bathroom, unfurnished","Binn Eadair View, Sutton, Dublin 13"
"€1,100 monthly","2 bedrooms (2 double), 1 bathroom, furnished","Foxborough Glen, Lucan, Co. Dublin"
"€1,500 monthly","4 bedrooms (1 single, 3 double), 2 bathrooms, furnished or unfurnished","157 Donomore Park, Tallaght, Tallaght, Dublin 24"
"€1,400 monthly","1 bedroom (1 double), 1 bathroom, furnished","Benburb Street, Dublin 7"
"€1,250 monthly","1 bedroom (1 double), 1 bathroom, furnished","Cabra Road, Phibsborough, Dublin 7"
"€1,700 monthly","4 bedrooms (1 single, 2 double, 1 twin), 4 bathrooms, furnished","34 Boulevard, Ballentree Village, Tyrellstown, Tyrrelstown, Dublin 15"
"€1,850 monthly","1 bedroom (1 double), 1 bathroom, furnished","Block B, Smithfield Market, Smithfield, Dublin 7"
"€1,143 monthly","1 bedroom (1 double), 1 bathroom, furnished","Rathbourne Way, Ashtown, Dublin 15"
"€1,250 monthly","1 bedroom (1 double), 1 bathroom, furnished","Howth Road, Clontarf, Dublin 3"
"€1,600 monthly","2 bedrooms (2 double), 2 bathrooms, furnished","The Gallery, Donabate, Co. Dublin"
"€1,300 monthly","1 bedroom (1 double), 1 bathroom, furnished","Kingswood Drive, Tallaght, Dublin 24"
"€2,000 monthly","3 bedrooms (1 single, 1 double, 1 twin), 1 bathroom, furnished","36 Craigford Ave, Artane, Dublin 5"
"€1,550 monthly","1 bedroom (1 double), 1 bathroom, furnished","James's Street, Dublin 8"
"€1,920 monthly","2 bedrooms (2 double), 2 bathrooms, furnished","Apt 46 The Watermill, Block 3, Raheny, Dublin 5"
"€1,950 monthly","2 bedrooms (2 double), 1 bathroom, furnished","48 Leinster Avenue, North Strand, Dublin 3"
"€1,650 monthly","3 bedrooms (1 single, 2 double), 1 bathroom, furnished","26 Griffith Drive, Finglas, Finglas, Dublin 11"
"€1,950 monthly","2 bedrooms (1 double, 1 twin), 1 bathroom, furnished","Hanbury Lane, Dublin 8"
€450 weekly,"2 bedrooms (1 single, 1 double), 1 bathroom, furnished","71, Thomas St., Christchurch, Dublin 8"
"€1,275 monthly","1 bedroom (1 double), 1 bathroom, furnished","28 Seagrave Way, Finglas, Dublin 11, Finglas, Dublin 11"
"€1,800 monthly","2 bedrooms (2 double), 2 bathrooms, furnished","Fawn Lodge, Castleknock Road, Castleknock, Dublin 15"
"€1,400 monthly","2 bedrooms (1 single, 1 double), 2 bathrooms, furnished","Moylaragh Mews, Balbriggan, Co. Dublin"
"€1,975 monthly","2 bedrooms (2 double), 1 bathroom, furnished","North King Street, Smithfield, Dublin 7"
"€1,550 monthly","3 bedrooms (3 double), 3 bathrooms, furnished","7 Mount Rochford Avenue, Balbriggan, Co. Dublin"
"€1,550 monthly","2 bedrooms (2 double), 1 bathroom, furnished","Burnell Square, Northern Cross, Clarehall, Dublin 17"
"€2,000 monthly","2 bedrooms (1 single, 1 double), 1 bathroom, furnished","59 Waterloo Rd, Ballsbridge, Dublin 4"
"€1,450 monthly","2 bedrooms (1 single, 1 double), 2 bathrooms, furnished","152 Parklands, Northwood, Santry, Dublin 9"
"€1,100 monthly",studio apartment to rent,"Kenilworth Road, Rathgar, Dublin 6"
"€1,470 monthly","2 bedrooms (2 double), 2 bathrooms, furnished","Eastcourtyard, East Courtyard, Tullyvale, Cherrywood, Co. Dublin"
"€1,400 monthly","1 bedroom (1 double), 1 bathroom, furnished","24 Peter Place, Dublin 2"
"€1,600 monthly","2 bedrooms (2 double), 2 bathrooms, furnished","Burnell Court, Northern Cross, Clarehall, Dublin 17"
"€1,800 monthly","3 bedrooms (1 single, 2 double), 1 bathroom, furnished","Castleknock Brook, Castleknock, Dublin 15"
"€1,850 monthly","2 bedrooms (2 double), 2 bathrooms, furnished","Loreto Abbey, Rathfarnham, Dublin 14"
"€1,900 monthly","2 bedrooms (2 double), 1 bathroom, furnished","Norseman Court, Manor Street, Stoneybatter, Dublin 7"
"€1,000 monthly","1 bedroom (1 double), 1 bathroom, furnished","90 Upper Dorset street, Dublin 1"
€900 monthly,studio apartment to rent,"Wainsfort Road, Terenure, Dublin 6w"
€975 monthly,"1 bedroom (1 double), 1 bathroom, furnished","Creston Ave, Finglas, Dublin 11"
"€1,300 monthly","1 bedroom (1 double), 1 bathroom, furnished","Rathborne Drive, Ashtown, Dublin 7"
"€2,000 monthly","1 bedroom (1 double), 1 bathroom, furnished","Burnell Square, Malahide Road, Clonshaugh, Dublin 17"
"€1,950 monthly","2 bedrooms (2 double), 2 bathrooms, furnished","34 Rivervale, Rathborne, Ashtown, Dublin 15"
"€1,664 monthly","3 bedrooms (3 double), 2 bathrooms, furnished","Block A, Lymewood Mews, Santry, Dublin 9"
"€1,872 monthly","2 bedrooms (2 double), 2 bathrooms, unfurnished","142 South Central Rockbrook, Sandyford, Dublin 18"
"€1,400 monthly","2 bedrooms (1 double, 1 twin), 2 bathrooms, furnished","Rosebank Place, Clondalkin, Dublin 22"
"€1,752 monthly","2 bedrooms (2 double), 2 bathrooms, unfurnished","35 Grande Central, Rockbrook, Sandyford, Dublin 18"
"€1,537 monthly","1 bedroom (1 double), 1 bathroom, furnished","126 Grand Central, Sandyford, Dublin 18"
"€1,600 monthly","1 bedroom (1 double), 1 bathroom, furnished","Kings Court, Parnell Street, Dublin 1"
"€1,800 monthly","1 bedroom (1 double), 1 bathroom, furnished","Farmleigh Woods, Castleknock, Dublin 15"
"€1,835 monthly","2 bedrooms (2 double), 2 bathrooms, furnished","Parklands Northwood, Santry, Dublin 9"
"€1,700 monthly","3 bedrooms (1 single, 2 double), 1 bathroom, furnished","Belfry Way, Citywest, Co. Dublin"
"€1,100 monthly","1 bedroom (1 double), 1 bathroom, furnished","Allen Hall, Tallaght, Dublin 24"
"€1,750 monthly","1 bedroom (1 double), 1 bathroom, furnished","Fitzwilliam Quay, Grand Canal Dock, Ringsend, Dublin 4"
"€1,900 monthly","2 bedrooms (2 double), 1 bathroom, furnished","Glenmalure Square, Milltown Road, Milltown, Dublin 6"
"€1,800 monthly","1 bedroom (1 double), 1 bathroom, furnished","Maple House, Mespil Estate, Sussex Road, Ballsbridge, Dublin 4"
"€1,325 monthly","1 bedroom (1 double), 1 bathroom, furnished","(1) Tallaght Cross East, Tallaght, Dublin 24"
"€2,000 monthly","2 bedrooms (2 double), 1 bathroom, furnished or unfurnished","Belville Apartments, Ailesbury Close, Ailesbury Ro, Donnybrook, Dublin 4"
"€1,500 monthly","2 bedrooms (2 double), 2 bathrooms, furnished","Thornfeild Square, Clondalkin, Dublin 22"
"€1,700 monthly","2 bedrooms (2 double), 2 bathrooms, furnished","23a Watermill Road, Raheny, Dublin 5"
"€1,092 monthly","2 bedrooms (2 double), 2 bathrooms, furnished","The Turnpike, Santry Cross, Ballymun, Dublin 11"
"€1,250 monthly","2 bedrooms (2 double), 2 bathrooms, furnished","The Metropolitan Inchicore Road, Kilmainham, Dublin 8"
"€1,000 monthly",studio apartment to rent,"Killarney Parade, Dublin 7"
"€1,995 monthly","2 bedrooms (2 double), 2 bathrooms, furnished","Howth, Howth, Dublin 13"
"€1,500 monthly","2 bedrooms (2 double), 1 bathroom, furnished","Cherrywood Park, Clondalkin, Dublin 22"
"€1,100 monthly","1 bedroom (1 twin), 1 bathroom, furnished","Palmerston Place, Dublin 7"
"€2,000 monthly","2 bedrooms (2 double), 1 bathroom, furnished","Galtrim Grange, Malahide, Co. Dublin"
"€1,300 monthly","1 bedroom (1 double), 2 bathrooms, furnished","The Chandler, Ashtown Village Centre, Rathborne, Ashtown, Dublin 7"
"€1,450 monthly","2 bedrooms (2 double), 2 bathrooms, furnished","54 Gleann Ribh Lusk, Lusk, Co. Dublin"
"€1,750 monthly","2 bedrooms (2 double), 1 bathroom, furnished","156 Woodfield, Knocklyon, Dublin 16"
"€1,850 monthly","3 bedrooms (1 single, 2 double), 1 bathroom, furnished","Cill Cais, Old Bawn, Tallaght, Dublin 24"
"€1,470 monthly","1 bedroom (1 double), 1 bathroom, furnished","Beechwood Court, Stillorgan, Co. Dublin"
"€1,600 monthly","1 bedroom (1 double), 1 bathroom, furnished","25 Richmond Avenue, Fairview, Dublin 3"
"€1,800 monthly","2 bedrooms (1 single, 1 double), 1 bathroom, furnished","25 Richmond Avenue, Fairview, Dublin 3"
"€1,850 monthly","2 bedrooms (2 double), 2 bathrooms, furnished","8 Cruagh Close Cruagh Manor, Stepaside, Dublin 18"
"€1,800 monthly","2 bedrooms (1 single, 1 double), 1 bathroom, furnished","Viking Road, Stoneybatter, Dublin 7"
"€2,000 monthly","3 bedrooms (1 single, 2 double), 1 bathroom, furnished","Limekiln Avenue, Walkinstown, Dublin 12"
"€1,600 monthly","2 bedrooms (2 double), 2 bathrooms, furnished","Stocking Well Close, Rathfarnham, Dublin 14"
"€1,650 monthly","2 bedrooms (2 double), 2 bathrooms, furnished","St. Mary\'s Park, Crumlin, Dublin 12"
"€1,045 monthly",studio apartment to rent,"Terenure Road East, Rathgar, Dublin 6"
"€1,500 monthly","1 bedroom (1 double), 1 bathroom, furnished","Marlborough Court, Marlborough street, Dublin 1"
"€1,610 monthly","2 bedrooms (2 double), 2 bathrooms, furnished","Loreto Abbey, Rathfarnham, Dublin 14"
"€1,400 monthly",studio apartment to rent,"Pembroke Road, Ballsbridge, Dublin 4"
"€1,450 monthly","2 bedrooms (2 double), 1 bathroom, furnished","Beechwood Downs, Hartstown, Clonsilla, Hartstown, Dublin 15"
"€1,900 monthly","4 bedrooms (1 single, 3 double), 4 bathrooms, furnished","1, Chapel Farm Square, Lusk, Co. Dublin"
"€1,300 monthly","2 bedrooms (2 double), 1 bathroom, furnished or unfurnished","Barrons Hall Park, Balbriggan, Co. Dublin"
"€1,800 monthly","2 bedrooms (2 double), 1 bathroom, furnished","The Courtyard, North Great Georges Street, Dublin 1"
"€1,650 monthly","1 bedroom (1 double), 1 bathroom, furnished","Smithfield Market, Smithfield, Dublin 7"
"€1,525 monthly","1 bedroom (1 double), 1 bathroom, furnished","Thomas Street, Dublin 8"
"€1,250 monthly","1 bedroom (1 double), 1 bathroom, furnished","Apt 2, 13 Granville Crescent, Cabinteely, Dublin 18"
"€1,700 monthly","2 bedrooms (2 double), 2 bathrooms, furnished","Belmayne Park South, Balgriffin, Dublin 13"
"€1,900 monthly","2 bedrooms (2 double), 1 bathroom, furnished","Rathgar Road, Rathgar, Dublin 6"
"€1,100 monthly",studio apartment to rent,"36 Upper Gardiner Street, Dublin 1"
"€1,512 monthly","2 bedrooms (2 double), 2 bathrooms, furnished","Keane Hall, Collegewood, Castleknock, Dublin 15"
"€1,600 monthly","3 bedrooms (1 single, 2 double), 1 bathroom, furnished","Cherry Orchard Crescent, Cherry Orchard, Dublin 10"
"€1,800 monthly","2 bedrooms (2 double), 1 bathroom, furnished","4 Haddon Court, Haddon Rd. Clontarf, Clontarf, Dublin 3"
"€1,400 monthly","1 bedroom (1 double), 1 bathroom, furnished","Cabra Road, Cabra, Dublin 7"
"€1,350 monthly","1 bedroom (1 double), 1 bathroom, furnished","Ranelagh Road, Dublin 6, Ranelagh, Dublin 6"
"€1,800 monthly","2 bedrooms (2 double), 1 bathroom, furnished or unfurnished","Niall Street, Stoneybatter, Dublin 7"
"€1,950 monthly","1 bedroom (1 double), 2 bathrooms, furnished","5 Copebridge House, Spencer Dock, Dublin 1, IFSC, Dublin 1"
"€1,250 monthly","1 bedroom (1 double), 1 bathroom, furnished","Grove Park, Rathmines, Dublin 6"
"€1,800 monthly","2 bedrooms (2 double), 2 bathrooms, furnished","Hazelbrook, Upper Kilmacud Road, Sandyford, Dublin 18"
€950 monthly,studio apartment to rent,"4 Drumcondra Road Upper, Drumcondra, Dublin 9"
"€1,550 monthly","3 bedrooms (1 single, 2 double), 2 bathrooms, furnished","Sundale, Tallaght, Dublin 24"
"€1,500 monthly","1 bedroom (1 double), 1 bathroom, furnished","Bracken Hill, Blackglen Road, Sandyford, Dublin 18"
"€1,500 monthly","1 bedroom (1 double), 1 bathroom, furnished","Bachelors Walk, N Lotts Road, Dublin 1"
"€1,925 monthly","2 bedrooms (2 double), 1 bathroom, furnished","Swanward Court, Parnell Road, Harold's Cross, Dublin 6"
"€1,160 monthly","1 bedroom (1 double), 1 bathroom, unfurnished","1 Bed, Coldcut Park, Clondalkin, Dublin 22"
"€1,800 monthly","1 bedroom (1 double), 1 bathroom, furnished","Aprtment 52, Pier 19, Bridgefoot street, Dublin 8"
"€1,400 monthly","2 bedrooms (2 double), 2 bathrooms, furnished","Hazelgrove Court, Tallaght, Dublin 24"
"€1,550 monthly","2 bedrooms (2 double), 2 bathrooms, furnished","Castlegrange Square, Clondalkin, Dublin 22"
€735 monthly,studio apartment to rent,"Mount Eden Road, Donnybrook, Dublin 4"
"€1,450 monthly","1 bedroom (1 double), 1 bathroom, furnished","106 Rathmines Road Lower, Rathmines, Dublin 6"
"€1,875 monthly","2 bedrooms (2 double), 1 bathroom, furnished","Camden Street Upper, Dublin 2"
"€1,800 monthly","2 bedrooms (2 double), 2 bathrooms, furnished","Clon Brugh, The Wood, Aikens Village, Sandyford, Sandyford, Dublin 18"
"€1,417 monthly","2 bedrooms (2 double), 1 bathroom, furnished","Dorset Square, Gardiner Street Upper, Dublin 1"
€900 monthly,"1 bedroom (1 single), 1 bathroom, furnished","24 Beneavin Park, Glasnevin, Dublin 9"
"€1,650 monthly","1 bedroom (1 double), 1 bathroom, furnished","Harcourt Hall, charlottes way, Dublin 2"
"€1,560 monthly","1 bedroom (1 double), 1 bathroom, furnished","Swift Hall, Deans Street, The Coombe, Dublin 8"
"€1,850 monthly","3 bedrooms (3 double), 2 bathrooms, furnished","Lanesborough, Finglas, Dublin 11"
"€1,750 monthly","2 bedrooms (1 double, 1 twin), 2 bathrooms, furnished","Malin Hall, Waterville Terrace, Blanchardstown, Du, Blanchardstown, Dublin 15"
"€1,950 monthly","2 bedrooms (2 double), 1 bathroom, furnished","Windmill lane, Dublin 2"
"€1,050 monthly","1 bedroom (1 double), 1 bathroom, furnished","Prussia Street, Stoneybatter, Dublin 7"
"€1,915 monthly","3 bedrooms (1 single, 2 double), 2 bathrooms, furnished","Fitzgerald Park, Lower Mounttown Road, Monkstown, Co. Dublin"
"€1,813 monthly","2 bedrooms (1 single, 1 double), 2 bathrooms, furnished","Woodview Mount Merrion Avenue, Blackrock, Co. Dublin"
"€1,750 monthly","2 bedrooms (2 double), 2 bathrooms, furnished","Juliet Square, Lucan, Co. Dublin"
€900 monthly,"1 bedroom (1 double), 1 bathroom, furnished","Crumlin Road, Crumlin, Dublin 12"
"€1,650 monthly","1 bedroom (1 double), 1 bathroom, furnished","Bachelors Walk, Ormonde Quay, Dublin 1"
"€1,200 monthly",studio apartment to rent,"Balcunnin, Skerries, Co. Dublin"
"€1,450 monthly","2 bedrooms (2 double), 2 bathrooms, furnished","Belfry Hall, Citywest, Co. Dublin"
"€1,350 monthly","1 bedroom (1 double), 1 bathroom, furnished","Botanic Road, Glasnevin, Dublin 9"
"€1,700 monthly","1 bedroom (1 double), 1 bathroom, furnished","Dundrum Castle House, Dundrum, Dublin 14"
"€1,750 monthly","2 bedrooms (2 double), 1 bathroom, furnished","Blackhall Square, North Brunswick Street, Smithfield, Dublin 7"
"€1,600 monthly","1 bedroom (1 double), 1 bathroom, furnished","Caple Court, caple street, Dublin 1"
"€1,200 monthly","1 bedroom (1 double), 1 bathroom, furnished","Wood, Sandyford, Dublin 18"
"€1,720 monthly","2 bedrooms (2 double), 1 bathroom, furnished","Pine Grove, Knocklyon, Dublin 16"
"€1,550 monthly","1 bedroom (1 double), 1 bathroom, furnished","Harold's Cross Road, Harold's Cross, Dublin 6"
"€1,850 monthly","1 bedroom (1 double), 1 bathroom, furnished","Dame Street, Dublin 2"
"€1,400 monthly","1 bedroom (1 double), 1 bathroom, furnished","upper gardiner street, Dublin 1"
"€1,400 monthly","2 bedrooms (2 double), 1 bathroom, furnished","Glandore Road, Off Griffith Avenue, Drumcondra, Dublin 3"
"€1,460 monthly","1 bedroom (1 double), 1 bathroom, furnished","Old Distillery, Anne Street North, Smithfield, Dublin 7"
"€1,800 monthly","2 bedrooms (2 double), 2 bathrooms, furnished","The Belfry, Kilbarrack Road, Sutton, Dublin 13"
"€1,350 monthly",studio apartment to rent,"11 Portobello Harbour, Dublin 8, Portobello, Dublin 8"
"€1,372 monthly","1 bedroom (1 double), 1 bathroom, furnished","15 Colliers Avenue, Ranelagh, Dublin 6"
"€1,700 monthly","2 bedrooms (2 double), 2 bathrooms, furnished","Meadowpark Avenue, Rathfarnham, Dublin 14"
"€1,800 monthly","2 bedrooms (2 double), 1 bathroom, furnished","101 Tolka Road, Ballybough, Dublin 3"
"€1,914 monthly","2 bedrooms (2 double), 2 bathrooms, furnished","Castleforbes Square, Castleforbes Road, Dublin 1"
"€1,600 monthly","2 bedrooms (1 single, 1 double), 2 bathrooms, furnished","13 Stationcourt, Seabrook Manor, Portmarnock, Co. Dublin"
"€1,665 monthly","1 bedroom (1 double), 1 bathroom, furnished","Mespil Estate Dubllin 4, Donnybrook, Dublin 4"
"€1,000 monthly","1 bedroom (1 double), 1 bathroom, furnished","Wheatfield Avenue, Clondalkin, Dublin 22"
"€1,200 monthly",studio apartment to rent,"Grove Park, Rathmines, Dublin 6"
"€1,600 monthly","1 bedroom (1 double), 1 bathroom, furnished","33 Mountjoy Square, Dublin 1"
"€1,550 monthly","1 bedroom (1 double), 1 bathroom, furnished","Grove Park, Rathmines, Dublin 6"
"€1,450 monthly","2 bedrooms (2 double), 1 bathroom, furnished","Kellys Bay Heights, Skerries, Co. Dublin"
"€1,300 monthly","1 bedroom (1 double), 1 bathroom, furnished","Grosvenor Road, Rathmines, Dublin 6"
"€1,800 monthly","2 bedrooms (2 double), 2 bathrooms, furnished","Linden Court, Grove Ave, Blackrock, Co. Dublin"
"€1,500 monthly","2 bedrooms (2 double), 1 bathroom, furnished","24 Forest Walk, Swords, Co. Dublin"
"€1,100 monthly","1 bedroom (1 twin), 1 bathroom, furnished","Marley Grange, Rathfarnham, Dublin 14"
"€1,500 monthly","2 bedrooms (2 double), 2 bathrooms, furnished","Blackthorn Hill Close, Rathcoole, Co. Dublin"
"€1,300 monthly","2 bedrooms (2 double), 1 bathroom, furnished","149 Ballyfermot Road, Ballyfermot, Dublin 10"
"€1,900 monthly","2 bedrooms (2 double), 3 bathrooms, furnished","The Park, The Paddocks, Clonsilla, Dublin 15"
"€1,600 monthly","2 bedrooms (2 double), 2 bathrooms, furnished","Windmill Terrace, Clonsilla, Dublin 15"
"€1,820 monthly","2 bedrooms (2 double), 1 bathroom, furnished","St Patrick's Court, Clanbrassil Street, Dublin 8"
"€1,350 monthly","1 bedroom (1 double), 1 bathroom, furnished","52 Brighton Road - 2, Rathgar, Dublin 6"
"€1,800 monthly","2 bedrooms (2 double), 2 bathrooms, furnished","70 Highgrove, Mount Talbot, Clondalkin, Dublin 22"
"€1,566 monthly","2 bedrooms (2 double), 2 bathrooms, furnished","Botanic Square, Botanic Avenue, Drumcondra, Dublin 9"
"€1,650 monthly","1 bedroom (1 double), 1 bathroom, furnished","32.33 Rathgar Road, Rathgar, Dublin 6"
"€2,000 monthly","1 bedroom (1 double), 1 bathroom, furnished","Apt 1, 10 Aston Quay, Dublin 2"
"€1,450 monthly","2 bedrooms (2 double), 1 bathroom, furnished","Cherry Orchard Apartments, Cherry Orchard, Ballyfermot, Dublin 10"
"€1,125 monthly","1 bedroom (1 double), 1 bathroom, furnished","28b Oakwood, The Glen, Bettyglen, Raheny, Dublin 5"
"€1,700 monthly","2 bedrooms (2 double), 1 bathroom, furnished","Sheldon Park Apartments, Kylemore Road, Bluebell, Dublin 12"
"€1,000 monthly","2 bedrooms (2 double), 1 bathroom, furnished","5, Blakestown Cottages, Blakestown Rd, Clonsilla, Dublin 15"
"€1,953 monthly","2 bedrooms (2 double), 2 bathrooms, furnished","Clarion Quay, IFSC, Dublin 1"
"€1,083 monthly","1 bedroom (1 double), 1 bathroom, furnished","Sandyford View, Sandyford, Dublin 18"
€950 monthly,"1 bedroom (1 single), 1 bathroom, furnished","61 Grosvenor Square, Rathmines, Dublin 6"
"€1,479 monthly","2 bedrooms (2 double), 1 bathroom, furnished","Holywell Green, Swords, Co. Dublin"
"€2,000 monthly","3 bedrooms (1 single, 2 double), 1 bathroom, furnished","Tyrconnell Park, Inchicore, Dublin 8"
"€1,200 monthly","1 bedroom (1 double), 1 bathroom, furnished","11g Rathbourne Close, Ashtown, Dublin 7"
"€1,865 monthly","2 bedrooms (2 double), 2 bathrooms, unfurnished","Bessboro, Terenure Road West, Terenure, Dublin 6"
"€1,426 monthly","1 bedroom (1 double), 1 bathroom, furnished","Trinity Square, Lombard Street East, Dublin 2"
"€1,650 monthly","2 bedrooms (2 double), 2 bathrooms, furnished","Apt 12 Cedar Square Ridgewood, Swords, Co. Dublin"
"€2,000 monthly","2 bedrooms (2 double), 1 bathroom, furnished","The Rectory, Stepaside, Dublin 18"
"€1,400 monthly","1 bedroom (1 double), 1 bathroom, furnished","The Claremont, Santry Cross, Santry, Dublin 9"
"€2,000 monthly","3 bedrooms (1 single, 2 double), 2 bathrooms, furnished","Oakcourt Avenue, Palmerstown, Dublin 20"
"€1,200 monthly",studio apartment to rent,"Frankfort Avenue, Rathmines, Dublin 6"
"€1,450 monthly","1 bedroom (1 double), 1 bathroom, furnished","Hannah Square, St Edmunds, Lucan, Co. Dublin"
"€1,450 monthly","1 bedroom (1 double), 1 bathroom, furnished","Hannah Square, St Edmunds, Palmerstown, Dublin 20"
"€1,625 monthly","2 bedrooms (2 double), 1 bathroom, furnished","Belmont Hall, Dublin 1"
"€2,000 monthly","2 bedrooms (1 single, 1 double), 1 bathroom, furnished","2-4 Georges Quay, Dublin 1, Dublin 1"
"€1,620 monthly","2 bedrooms (2 double), 2 bathrooms, unfurnished","Tyrone Court, Thomas Davies Street West, Inchciore, Inchicore, Dublin 8"
"€1,600 monthly","2 bedrooms (2 double), 2 bathrooms, furnished","Lincoln Hall, Applewood, Swords, Co. Dublin"
"€1,500 monthly","2 bedrooms (2 double), 1 bathroom, furnished","Millpark, Clondalkin, Dublin 22"
"€1,800 monthly","2 bedrooms (2 double), 2 bathrooms, furnished","Kenilworth Lane, Rathgar, Dublin 6"
"€2,000 monthly","2 bedrooms (1 single, 1 double), 1 bathroom, furnished","Saint Lukes Gate, the coombe, Dublin 8"
"€1,695 monthly","1 bedroom (1 double), 1 bathroom, furnished","Greenbank House, Dun Laoghaire, Co. Dublin"
€900 monthly,studio apartment to rent,"Thornleigh Terrace, Swords, Co. Dublin"
"€1,900 monthly","2 bedrooms (2 double), 2 bathrooms, furnished","Bissett's Loft, Strand Street, Malahide, Malahide, Co. Dublin"
"€1,930 monthly","2 bedrooms (1 single, 1 double), 2 bathrooms, furnished","The Holly, Rockfield, Sandyford Road, Dundrum, Dublin 16"
"€1,900 monthly","2 bedrooms (2 double), 1 bathroom, furnished","Manor Hall, Mount Brown, Kilmainham, Dublin 8"
"€1,700 monthly","2 bedrooms (1 single, 1 double), 1 bathroom, furnished","Millrace Road, Saggart, Co. Dublin"
"€1,800 monthly","2 bedrooms (2 single), 1 bathroom, furnished","Block 1- Island Key, East Wall, Dublin 3"
"€1,650 monthly","2 bedrooms (2 double), 1 bathroom, furnished","Milners Square, Santry, Dublin 9"
"€1,800 monthly","2 bedrooms (2 double), 1 bathroom, furnished","Kilbarrack Road, Raheny, Dublin 5"
"€2,000 monthly","4 bedrooms (1 single, 3 double), 2 bathrooms, furnished","8 Ellensborough Meadows, Tallaght, Dublin 24"
"€1,800 monthly","3 bedrooms (1 single, 2 double), 2 bathrooms, furnished","Deerpark, Kiltipper, Dublin 24"
"€1,500 monthly","1 bedroom (1 double), 1 bathroom, furnished","Viking Harbour, Ushers Island, Dublin 8"
"€2,000 monthly","4 bedrooms (4 double), 3 bathrooms, unfurnished","10 Redwood, Hollystown, Dublin 15"
€900 monthly,studio apartment to rent,"1 Grosvenor Court, Templeogue, Dublin 6w, Templeogue, Dublin 6w"
"€1,900 monthly","2 bedrooms (2 double), 1 bathroom, furnished","Blessington Street, Dublin 1"
"€1,800 monthly","1 bedroom (1 double), 1 bathroom, furnished","Grafton Hall, Aungier Street, Dublin 2"
"€1,800 monthly","1 bedroom (1 double), 1 bathroom, furnished","One Beacon Sandyford, Sandyford, Dublin 18"
"€1,600 monthly","1 bedroom (1 double), 1 bathroom, furnished","Rockview, Blackglen Road, Simmonsridge, Sandyford, Dublin 18"
"€1,725 monthly","1 bedroom (1 double), 1 bathroom, furnished","The Grange, Stillorgan, Co. Dublin"
"€1,800 monthly","2 bedrooms (2 double), 2 bathrooms, furnished","Ballintyre Grove, Ballinteer, Dublin 16"
"€1,750 monthly","1 bedroom (1 double), 1 bathroom, furnished","College Court, Kevin Street Lower, Dublin 8"
"€1,650 monthly","2 bedrooms (1 single, 1 double), 2 bathrooms, furnished or unfurnished","Belarmine Vale, Stepaside, Dublin 18"
"€1,350 monthly","1 bedroom (1 double), 1 bathroom, furnished","Fottrell House, Kinsealy, Co. Dublin"
"€1,750 monthly","2 bedrooms (2 double), 1 bathroom, furnished","19 The Oval, Tullyvale, Cabinteely, Dublin 18"
"€1,600 monthly","1 bedroom (1 double), 1 bathroom, furnished","Harold's Cross Road, Harold's Cross, Dublin 6w"
"€1,560 monthly","1 bedroom (1 double), 1 bathroom, furnished","74 Merrion Grove, Stillorgan, Co. Dublin"
"€2,000 monthly","2 bedrooms (1 single, 1 double), 1 bathroom, furnished","Windermere, Gilford Road, Sandymount, Dublin 4"
"€1,600 monthly","1 bedroom (1 double), 1 bathroom, furnished","The Chandler, Aaran Quay Apartments, Aaran Quay, Dublin 7"
"€1,750 monthly","2 bedrooms (1 single, 1 double), 1 bathroom, furnished","Kinahan Street, Stoneybatter, Dublin 7"
"€1,200 monthly",studio apartment to rent,"Kings Inns Court, Phibsborough Road, Phibsborough, Dublin 7"
"€2,000 monthly","2 bedrooms (2 double), 1 bathroom, furnished","25 Ely Close, Firhouse, Dublin 24"
"€1,700 monthly","1 bedroom (1 double), 1 bathroom, furnished","84 Fastnet, Custom House Harbour, Dublin 1"
"€1,800 monthly","2 bedrooms (2 double), 3 bathrooms, furnished","Grace Park Manor, Drumcondra, Dublin 9"
€750 monthly,"1 bedroom (1 single), 1 bathroom, furnished","Schoolhouse Court, Schoolhouse Lane, Santry, Dublin 9"
"€1,248 monthly",studio apartment to rent,"Charleston Road, Ranelagh, Dublin 6"
"€2,000 monthly","4 bedrooms (4 double), 2 bathrooms, furnished","Peyton View, Rathcoole, Co. Dublin"
"€1,475 monthly","1 bedroom (1 double), 1 bathroom, furnished","Bancroft, Tallaght, Dublin 24"
"€1,100 monthly",studio apartment to rent,"314 South Circular Road, South Circular Road, Dublin 8"
"€1,995 monthly","2 bedrooms (2 double), 2 bathrooms, furnished","Balkill Road, Howth, Dublin 13"
"€1,800 monthly","1 bedroom (1 double), 1 bathroom, furnished","Lee House, Custom House Square, IFSC, Dublin 1"
"€1,000 monthly",studio apartment to rent,"Summer Street North, Dublin 1"
"€1,433 monthly","1 bedroom (1 double), 1 bathroom, furnished","Sussex Terrace, Dublin 2"
"€1,160 monthly",studio apartment to rent,"6 Sharrard Street Upper, Dublin 1"
"€1,800 monthly","2 bedrooms (2 double), 1 bathroom, furnished","Summer St North, Dublin 1"
"€1,400 monthly","1 bedroom (1 double), 1 bathroom, furnished","Summer St North, Dublin 1"
"€1,800 monthly","2 bedrooms (1 single, 1 double), 1 bathroom, furnished","No 1 O Connell Ave, Dublin 7, Co. Dublin"
"€1,900 monthly","2 bedrooms (2 double), 2 bathrooms, furnished","Apt 13 Block A Metropolitan Apts, Kilmainham, Dublin 8"
"€1,600 monthly","1 bedroom (1 double), 1 bathroom, furnished","13 The Cammock, Mount Brown, Kilmainham, Dublin 8"
"€1,560 monthly","1 bedroom (1 double), 1 bathroom, furnished","The Linden, Grove Avenue, Blackrock, Co. Dublin"
"€1,120 monthly","2 bedrooms (1 single, 1 double), 1 bathroom, unfurnished","Newcastle Boulevard, Newcastle, Co. Dublin"
"€1,250 monthly","1 bedroom (1 double), 1 bathroom, furnished","Kilclaire Drive, Tallaght, Dublin 24"
"€1,400 monthly","2 bedrooms (2 double), 1 bathroom, furnished","22 Adelaide Street, Dun Laoghaire, Co. Dublin"
"€1,600 monthly","2 bedrooms (1 single, 1 double), 1 bathroom, furnished","14 Mount Andrew Court, Lucan, Co. Dublin"
"€1,750 monthly","3 bedrooms (1 single, 2 double), 3 bathrooms, furnished","19 Waterside Way, Swords Rd, Malahide, Co. Dublin"
"€2,000 monthly","3 bedrooms (3 double), 3 bathrooms, furnished","Morrow House, Baldoyle, Dublin 13"
"€1,550 monthly","1 bedroom (1 double), 1 bathroom, furnished","Apt. 2, 191 Clonliffe Road, Drumcondra, Dublin 3"
"€1,664 monthly","2 bedrooms (2 double), 1 bathroom, furnished","Earls Court, Rueben Street, Dublin 8"
"€1,850 monthly","2 bedrooms (2 double), 1 bathroom, furnished","The Richmond, Brunswick Street North, Dublin 7"
"€1,800 monthly","2 bedrooms (1 double, 1 twin), 1 bathroom, furnished","Belvedere Place, Dublin 1"
"€1,450 monthly","1 bedroom (1 double), 1 bathroom, furnished","40 The Oval, Tullyvale, Cabinteely, Dublin 18"
"€1,736 monthly","2 bedrooms (2 double), 2 bathrooms, furnished","Galloping Green, Stillorgan, Co. Dublin"
"€1,850 monthly","2 bedrooms (1 single, 1 double), 1 bathroom, furnished","Apt2 Westbourne Road Terenure Dublin 6, Terenure, Dublin 6"
"€1,800 monthly","2 bedrooms (2 double), 2 bathrooms, furnished","Woodbrook Crescent, Woodbrook, Riverwood Road, Castleknock, Dublin 15"
"€2,000 monthly","2 bedrooms (1 single, 1 double), 1 bathroom, furnished","College Gate, Townsend St, Dublin 2"
"€1,500 monthly","3 bedrooms (1 single, 2 double), 1 bathroom, furnished or unfurnished","1a Knockmore Avenue, Tallaght, Dublin 24"
"€1,995 monthly","2 bedrooms (2 double), 2 bathrooms, furnished","Crumlin, Dublin 12., Crumlin, Dublin 12"
"€1,800 monthly","2 bedrooms (2 double), 1 bathroom, furnished","Kildare Road, Crumlin, Dublin 12"
"€1,475 monthly","1 bedroom (1 double), 1 bathroom, furnished","New Bancroft Hall, Tallaght, Dublin 24"
"€1,995 monthly","2 bedrooms (2 double), 1 bathroom, furnished","Leeson Street, Dublin 4"
"€1,600 monthly","1 bedroom (1 double), 1 bathroom, furnished","Waterloo Road, Ballsbridge, Dublin 4"
"€1,575 monthly","1 bedroom (1 double), 1 bathroom, furnished","Gandon Hall, Gardiner Street, Dublin 1"
"€1,664 monthly","2 bedrooms (2 double), 1 bathroom, furnished","Drumcondra Road Upper, Drumcondra, Dublin 3"
"€1,000 monthly","1 bedroom (1 single), 1 bathroom, furnished","Aldborough House, Santry, Dublin 9"
"€1,260 monthly","2 bedrooms (2 double), 1 bathroom, furnished","The Square Larch Hill, Santry, Dublin 9"
"€1,650 monthly","2 bedrooms (2 double), 1 bathroom, furnished or unfurnished","Wheaton Court, Inchicore, Dublin 8"
"€1,350 monthly","1 bedroom (1 double), 1 bathroom, furnished","Echlin Street, Dublin 8"
"€1,875 monthly","2 bedrooms (2 double), 2 bathrooms, furnished","Southmede, Ballinteer Road, Dundrum, Dublin 16"
"€1,750 monthly","1 bedroom (1 double), 1 bathroom, furnished","Ushers Island, Dublin 8"
"€2,000 monthly","3 bedrooms (1 single, 1 double, 1 twin), 3 bathrooms, furnished","Heyward Mews , Roganstown , Swords Co Dublin, Swords, Co. Dublin"
"€1,800 monthly","2 bedrooms (2 double), 1 bathroom, furnished","The Rectory, Stepaside, Dublin 18"
€952 monthly,"1 bedroom (1 double), 1 bathroom, furnished","Cedarbrook Avenue, Cherry Orchard, Ballyfermot, Dublin 10"
"€1,421 monthly","2 bedrooms (1 double, 1 twin), 2 bathrooms, furnished","Rockview, Blackglen Road, Sandyford, Dublin 18"
"€1,850 monthly","2 bedrooms (2 double), 1 bathroom, furnished","Grosvenor Lodge, Rathmines, Dublin 6"
"€1,800 monthly","2 bedrooms (2 double), 1 bathroom, furnished","Clifden Court, Ellis Quay, Dublin 7"
€300 weekly,"2 bedrooms (1 single, 1 double), 1 bathroom, furnished","Amiens Street, Dublin 1"
"€1,150 monthly","1 bedroom (1 double), 1 bathroom, furnished","44 Shangan Hall, Shangan Road, Ballymun, Dublin 9"
"€1,800 monthly","2 bedrooms (2 single), 2 bathrooms, furnished","The Coast Baldoyle, Baldoyle, Dublin 13"
"€1,700 monthly","2 bedrooms (2 double), 2 bathrooms, furnished","Manor Place, Ongar Village, Ongar, Dublin 15"
"€1,700 monthly","2 bedrooms (2 double), 1 bathroom, furnished","Glasnevin Woods, Glasnevin, Dublin 11"
"€1,050 monthly",studio apartment to rent,"29 Malahide Road, Artane, Dublin 5"
"€1,600 monthly","1 bedroom (1 double), 1 bathroom, furnished","Woodleigh Oak, Rathgar, Dublin 6"
"€1,950 monthly","2 bedrooms (2 double), 1 bathroom, furnished","Cherbury Court, Booterstown, Co. Dublin"
"€1,800 monthly","1 bedroom (1 double), 1 bathroom, furnished","Ivy Exchange, Parnell Street, Dublin 1"
"€1,500 monthly","1 bedroom (1 double), 1 bathroom, furnished","Talbot Hall, Dublin 1"
"€1,725 monthly","1 bedroom (1 double), 1 bathroom, furnished","Shelbourne Village, Ringsend, Dublin 4, Dublin 4"
"€1,600 monthly","1 bedroom (1 double), 1 bathroom, furnished","10 The Mews, Robswall, Malahide, Co. Dublin"
"€1,600 monthly","1 bedroom (1 double), 1 bathroom, furnished","33 Mountjoy Square, Dublin 1"
"€1,900 monthly","2 bedrooms (2 double), 1 bathroom, furnished","38 Trinity Square, Townsend Street, Dublin 2"
"€1,650 monthly","2 bedrooms (2 double), 1 bathroom, furnished","Fernleigh Drive, Castleknock, Dublin 15"
"€1,550 monthly","1 bedroom (1 double), 1 bathroom, furnished","New Bancroft, Greenhills Road, Tallaght, Dublin 24"
"€1,600 monthly","2 bedrooms (2 double), 2 bathrooms, furnished","Olcovar Apartments, Shankill, Dublin 18"
"€1,300 monthly","1 bedroom (1 double), 1 bathroom, furnished","Premier Square, Finglas Road, Finglas, Dublin 11"
"€1,660 monthly","2 bedrooms (1 single, 1 double), 1 bathroom, furnished","Prospect Road, Phibsborough, Dublin 7"
"€1,369 monthly","1 bedroom (1 double), 1 bathroom, furnished","St Josephs Place, Dorset street upper, Dublin 7"
"€1,900 monthly","1 bedroom (1 double), 1 bathroom, furnished","Fitzwilliam Street Lower, Dublin 2"
"€1,400 monthly",studio apartment to rent,"Spire View Lane 26, Rathgar, Dublin 6"
"€1,900 monthly","2 bedrooms (1 single, 1 double), 1 bathroom, furnished","4 Spruce Lodge, Castleside Drive, Rathfarnham, Dublin 14"
"€1,900 monthly","3 bedrooms (1 single, 2 double), 2 bathrooms, furnished","34 Latchford Square, Castheany, Clonsilla, Dublin 15"
"€2,000 monthly","2 bedrooms (2 double), 1 bathroom, furnished","Court Apartments, Wilton Place, Dublin 2"
"€1,800 monthly","1 bedroom (1 double), 1 bathroom, furnished","Ropewalk Place, Ringsend, Dublin 4"
"€1,464 monthly","1 bedroom (1 double), 1 bathroom, furnished","Dean Court, Christchurch, Dublin 8"
"€1,800 monthly","3 bedrooms (3 double), 2 bathrooms, furnished","Off Liffey Street West, Sarsfield Quay, Smithfield, Dublin 7"
"€1,900 monthly","3 bedrooms (1 single, 2 double), 2 bathrooms, furnished","Westbourne Grove, Clondalkin, Dublin 22"
"€2,000 monthly","2 bedrooms (2 double), 1 bathroom, unfurnished","1 Vico Rock, Dalkey, Co. Dublin"
"€1,850 monthly","1 bedroom (1 double), 1 bathroom, furnished","The Elms, Mount Merrion Avenue, Blackrock, Co. Dublin"
€935 monthly,studio apartment to rent,"Basement 2, 44 Lower Rathmines Road, Rathmines, Dublin 6"
"€1,250 monthly",studio apartment to rent,"Beechpark House, Clonsilla, Dublin 15"
"€1,100 monthly",studio apartment to rent,"28 Castlewood Avenue, Rathmines, Dublin 6, Rathmines, Dublin 6"
"€1,600 monthly","1 bedroom (1 double), 1 bathroom, furnished","Castlegate Oliver Plunkett Road, Monkstown, Co. Dublin"
"€1,900 monthly","2 bedrooms (2 double), 1 bathroom, furnished","Cherbury Court, Booterstown, Co. Dublin"
"€1,750 monthly","1 bedroom (1 double), 1 bathroom, furnished","Hanbury Mews, Dublin 8"
"€2,000 monthly","2 bedrooms (1 single, 1 double), 1 bathroom, furnished","Smithfield Village, Bow Street, Smithfield, Dublin 7"
"€1,495 monthly","1 bedroom (1 double), 1 bathroom, furnished","34 PARKGATE STREET, Dublin 7"
"€1,650 monthly","2 bedrooms (2 single), 1 bathroom, furnished","Fernleigh, Castleknock, Dublin 15"
"€1,200 monthly",studio apartment to rent,"Casimir Avenue, Harold's Cross, Dublin 6"
"€1,950 monthly","3 bedrooms (3 double), 3 bathrooms, furnished","Beau Park Street, Clongriffin, Dublin 13"
"€1,600 monthly","1 bedroom (1 double), 1 bathroom, furnished","Apt.1, 191 Clonliffe Road, Drumcondra, Dublin 3"
"€1,600 monthly","1 bedroom (1 double), 1 bathroom, furnished","Apt. 3, 191 Clonliffe Road, Drumcondra, Dublin 3"
"€1,600 monthly","2 bedrooms (1 single, 1 double), 1 bathroom, furnished","Malahide Marina, Malahide, Co. Dublin"
"€1,800 monthly","2 bedrooms (2 double), 1 bathroom, furnished","No 2 Church Row, East Road, East Wall, Dublin 3"
"€1,440 monthly","1 bedroom (1 double), 1 bathroom, furnished","Frankfort Court, Rathgar Avenue, Rathgar, Dublin 6"
"€1,500 monthly","2 bedrooms (2 double), 1 bathroom, furnished","Keeper Road, Drimnagh, Dublin 12"
"€1,347 monthly","1 bedroom (1 double), 1 bathroom, furnished","Botanic Road, Glasnevin, Dublin 9"
"€1,850 monthly","2 bedrooms (2 double), 1 bathroom, furnished","Cremona Road, Ballyfermot, Dublin 10"
"€1,600 monthly","2 bedrooms (1 single, 1 twin), 1 bathroom, furnished","Leeson Street, Ballsbridge, Dublin 4"
"€1,800 monthly","2 bedrooms (2 double), 2 bathrooms, furnished","Belmayne, Balgriffin, Dublin 13"
"€1,900 monthly","2 bedrooms (2 double), 2 bathrooms, furnished","150 Howth Road, Clontarf, Dublin 3"
"€2,000 monthly","3 bedrooms (1 single, 2 double), 1 bathroom, furnished or unfurnished","Silken Park, Citywest, Co. Dublin"
"€1,650 monthly","1 bedroom (1 double), 1 bathroom, furnished","Watermill Road, Raheny, Dublin 5"
"€1,400 monthly","1 bedroom (1 double), 1 bathroom, furnished or unfurnished","Quarry House, Rathmichael, Co. Dublin"
"€1,950 monthly","2 bedrooms (2 double), 1 bathroom, furnished","23 Bellevue, Block B, Islandbridge, Dublin 8"
"€1,800 monthly","2 bedrooms (2 double), 2 bathrooms, furnished","Cassian Court East, Ashtown, Dublin 15"
"€1,976 monthly","3 bedrooms (1 single, 2 double), 1 bathroom, unfurnished","7 Minstrel Court, Leopardstown, Dublin 18"
"€1,300 monthly","1 bedroom (1 double), 1 bathroom, furnished","Baskin Cottages, Kinsealy, Co. Dublin"
"€1,900 monthly","1 bedroom (1 double), 1 bathroom, furnished","Thornwood, Booterstown Avenue, Booterstown, Co. Dublin"
"€1,700 monthly","2 bedrooms (2 double), 1 bathroom, furnished","4 Coke Lane, Smithfield, Dublin 7"
"€1,505 monthly","1 bedroom (1 double), 1 bathroom, unfurnished","One Bedroom Apartment In Kingscourt, North King St, Smithfield, Dublin 7"
"€1,900 monthly","2 bedrooms (2 double), 1 bathroom, furnished","Millpond Clondalkin, Clondalkin, Dublin 22"
"€1,859 monthly","3 bedrooms (1 single, 2 double), 2 bathrooms, furnished","Ballintyre Meadows, Ballinteer, Dublin 16"
"€1,700 monthly","2 bedrooms (2 double), 1 bathroom, furnished or unfurnished","22 Brooklawn Wood, Blackrock, Co. Dublin"
"€1,800 monthly","2 bedrooms (2 double), 2 bathrooms, furnished","Woodbrook Hall, Castleknock, Dublin 15"
"€1,950 monthly","1 bedroom (1 double), 1 bathroom, furnished","Tara Street, Dublin 2"
"€2,000 monthly","2 bedrooms (2 double), 1 bathroom, furnished","Anna Villa, Ranelagh, Dublin 6"
"€1,950 monthly","2 bedrooms (2 double), 1 bathroom, furnished","14 Haroldville Avenue, Dublin 8"
"€1,600 monthly",studio apartment to rent,"Mespil Estate Dubllin 4, Donnybrook, Dublin 4"
"€1,940 monthly","2 bedrooms (2 double), 2 bathrooms, furnished","31 Orchard Hall, Diswellstown, Castleknock, Dublin 15"
"€1,500 monthly","2 bedrooms (1 single, 1 double), 1 bathroom, furnished","Eskerwoods, Lucan, Co. Dublin"
€425 weekly,studio apartment to rent,"Anglesea Road, Ballsbridge, Dublin 4"
"€2,000 monthly","2 bedrooms (2 double), 2 bathrooms, furnished","Bushy Park House, Terenure, Dublin 6"
"€1,000 monthly",studio apartment to rent,"Chanel Road, Artane, Dublin 5"
"€1,750 monthly","2 bedrooms (1 single, 1 double), 1 bathroom, furnished","Whitehall Square, Perrystown, Dublin 12"
"€1,950 monthly","2 bedrooms (2 double), 1 bathroom, furnished","Crostick Court, Meath Street, Dublin 8"
"€1,550 monthly","2 bedrooms (2 double), 2 bathrooms, furnished","Galtrim Grange, Malahide, Co. Dublin"
"€1,650 monthly","2 bedrooms (2 double), 1 bathroom, furnished","Lower Sherrard Street, Dublin 1"
"€1,800 monthly","3 bedrooms (1 single, 2 double), 3 bathrooms, furnished","Summerfield Lawn, Blanchardstown, Dublin 15"
"€1,900 monthly","2 bedrooms (1 single, 1 double), 1 bathroom, furnished","Lindon Square, Balckrock, Blackrock, Co. Dublin"
"€1,800 monthly","3 bedrooms (1 single, 2 double), 1 bathroom, furnished","67 Forest Fields Road, Rivervalley, Swords, Co. Dublin"
"€1,400 monthly","2 bedrooms (1 single, 1 double), 1 bathroom, furnished","Rosebank Apts, Rosebank Place, Clondalkin, Dublin 22"
"€1,200 monthly","1 bedroom (1 double), 1 bath","Dorset Street Upper, Dublin 1"
"€1,700 monthly","2 bedrooms (1 single, 1 double), 2 bathrooms, unfurnished","Castlehall Swords Central Swords, Swords, Co. Dublin"
"€1,716 monthly","2 bedrooms (2 double), 1 bathroom, furnished","The Walk, Robswall, Malahide, Co. Dublin"
"€1,700 monthly","3 bedrooms (1 single, 1 double, 1 twin), 1 bathroom, furnished","Tonlegee Road, Raheny, Dublin 5"
"€1,900 monthly","2 bedrooms (2 double), 1 bathroom, furnished","159 Lower Kimmage Road, Harold\'s Cross, Dublin 6"
"€1,700 monthly","1 bedroom (1 double), 1 bathroom, furnished","Castleforbes Road, IFSC, Dublin 1"
"€2,000 monthly","2 bedrooms (2 double), 1 bathroom, furnished","Mountjoy Square, Dublin 1"
"€1,200 monthly","1 bedroom (1 double), 1 bathroom, furnished","39 Brighton Square,rathgar, Dublin 6, Rathgar, Dublin 6"
"€1,900 monthly","2 bedrooms (2 double), 1 bathroom, furnished","10 Sullivan Street, Stoneybatter, Dublin 7"
"€1,050 monthly","1 bedroom (1 double), 1 bathroom, furnished","36 Lower Rathmines Road, Rathmines, Dublin 6"
"€1,850 monthly","2 bedrooms (2 double), 2 bathrooms, furnished","Whitestown Way, Tallaght, Dublin 24., Tallaght, Dublin 24"
"€1,100 monthly","1 bedroom (1 double), 1 bathroom, furnished","Whitechurch Green, Ballyboden, Dublin 14"
"€1,800 monthly","2 bedrooms (2 double), 2 bathrooms, furnished","Apt 4 The Spruce, Grattan Wood, Donaghmede, Dublin, Donaghmede, Dublin 13"
"€1,850 monthly","2 bedrooms (2 double), 1 bathroom, furnished","Chesterfield, Riverpark Apartments, Conyngham R, Islandbridge, Dublin 8"
"€1,500 monthly","2 bedrooms (2 double), 1 bathroom, furnished","Palmerston Road, Rathmines, Dublin 6"
"€1,000 monthly",studio apartment to rent,"South Richmond Street, Portobello, Dublin 8"
"€1,300 monthly","1 bedroom (1 double), 1 bathroom, furnished","Carrigmore Crescent, Citywest, Co. Dublin"
"€1,982 monthly","3 bedrooms (3 double), 2 bathrooms, furnished","Clearwater Court, Ashtown, Dublin 15"
"€1,680 monthly","2 bedrooms (2 double), 2 bathrooms, furnished","Verville Court, Vernon Avenue Extension, Clontarf, Dublin 3"
"€1,650 monthly","3 bedrooms (3 double), 1 bathroom, furnished","Monastery Rise, Clondalkin, Dublin 22"
"€1,170 monthly","1 bedroom (1 double), 1 bathroom, furnished","Main St., Rathcoole, Co. Dublin"
"€1,400 monthly","2 bedrooms (2 double), 1 bathroom, furnished","The Crescent Building, Park West, Dublin 12"
"€1,650 monthly","2 bedrooms (2 double), 2 bathrooms, furnished","59 Galtrim Grange, Malahide, Co. Dublin"
"€1,350 monthly","1 bedroom (1 single), 1 bathroom, furnished","Lower Rathmines Rd, Rathmines, Dublin 6"
"€1,450 monthly","4 bedrooms (2 single, 2 double), 3 bathrooms, furnished","Mount Rochford Avenue, Balbriggan, Co. Dublin"
"€1,800 monthly","2 bedrooms (2 double), 1 bathroom, furnished","11 Healy Street, North Circular Road, Dublin 1"
"€1,450 monthly","2 bedrooms (2 double), 1 bathroom, furnished","Rathbeale Road, Swords, Co. Dublin"
"€1,400 monthly","2 bedrooms (1 single, 1 double), 1 bathroom, furnished","Fforest Close, Kingswood, Tallaght, Dublin 24"
"€1,350 monthly","1 bedroom (1 double), 1 bathroom, furnished","Rathbeale Road, Swords, Co. Dublin"
"€1,850 monthly","1 bedroom (1 double), 1 bathroom, furnished","Townsend Street, Dublin 2"
"€1,920 monthly","1 bedroom (1 double), 1 bathroom, furnished","Mount Saint Annes, Milltown, Dublin 6"
"€1,700 monthly","1 bedroom (1 double), 1 bathroom, furnished","Burton House, IFSC, Dublin 1"
"€1,819 monthly","2 bedrooms (2 double), 1 bathroom, furnished","298, Block E, Castleforbes Sq, IFSC, Dublin 1"
"€1,550 monthly","2 bedrooms (2 double), 1 bathroom, furnished","Heath Square, Mckee Avenue, Finglas, Dublin 11"
"€1,650 monthly","2 bedrooms (2 double), 2 bathrooms, furnished","Cedar Place, Ridgewood, Swords, Co. Dublin"
"€1,200 monthly","1 bedroom (1 double), 1 bathroom, unfurnished","1 Bed Priorsgate, Greenhills Road, Tallaght, Dublin 24"
"€1,100 monthly","1 bedroom (1 double), 1 bathroom, furnished","North Circular Road, Dublin 7"
"€2,000 monthly","2 bedrooms (2 double), 2 bathrooms, furnished","The Cubes 3, Beacon South Quarter, Sandyford, Dublin 18"
"€1,875 monthly","2 bedrooms (1 single, 1 double), 1 bathroom, furnished","Slade Castle Avenue Saggart, Saggart, Co. Dublin"
"€1,850 monthly","2 bedrooms (2 double), 1 bathroom, furnished","Off North Circular Road, Dublin 1"
"€1,500 monthly","1 bedroom (1 double), 1 bathroom, furnished","Hybreasal House, South Circular Road, South Circular Road, Dublin 8"
"€1,800 monthly","2 bedrooms (2 double), 1 bath","Glandore Road, Drumcondra, Dublin 3"
"€1,900 monthly","2 bedrooms (2 double), 1 bathroom, furnished","Oakley Court - 24, Oakley Road, Ranelagh, Dublin 6"
"€1,965 monthly","1 bedroom (1 double), 1 bathroom, furnished","Sandford Lodge By Kennedy Wilson, Ranelagh, Dublin 6"
"€1,175 monthly",studio apartment to rent,"Rathmines Road Lower, Rathmines, Dublin 6"
"€1,950 monthly","2 bedrooms (1 double, 1 twin), 1 bathroom, furnished","Meath Street, Dublin 8"
"€1,690 monthly","1 bedroom (1 double), 1 bathroom, furnished","Corrig Road, Dun Laoghaire, Co. Dublin"
"€2,000 monthly","2 bedrooms (2 double), 1 bathroom, furnished","48 Thomas Street, Dublin 8"
"€1,700 monthly","1 bedroom (1 double), 1 bathroom, furnished or unfurnished","Fairhaven Strand Street ( In Heart Of Village), Malahide, Co. Dublin"
"€1,945 monthly","1 bedroom (1 double), 1 bathroom, furnished","4 Saint Josephs Parade, Dublin 7"
€800 monthly,"1 bedroom (1 double), 1 bathroom, furnished","Hazelwood Avenue, Hartstown, Dublin 15"
"€1,800 monthly","2 bedrooms (2 double), 2 bathrooms, furnished","Falcon\'s View, New Navan Road, Blanchardstown, Blanchardstown, Dublin 15"
"€1,500 monthly","1 bedroom (1 double), 1 bathroom, furnished","Marlborough Court, Marlborough Street, Dublin 1"
€400 weekly,"1 bedroom (1 double), 1 bathroom, furnished","7a Rainsfort Street, Thomas Court, Dublin 8"
"€1,700 monthly","1 bedroom (1 double), 1 bathroom, furnished","Wyndham Court,Chancery Lane, Dublin 2"
"€1,950 monthly","3 bedrooms (1 single, 2 double), 2 bathrooms, furnished","155 Brandon Road Walkinstown, Drimnagh, Dublin 12"
"€1,850 monthly","2 bedrooms (2 double), 2 bathrooms, furnished","Main Street, Ballymun, Dublin 9"
"€1,400 monthly","1 bedroom (1 double), 1 bathroom, furnished","Dominick Street, Dublin 1"
"€1,600 monthly","2 bedrooms (2 double), 1 bathroom, furnished","Northwood, Santry, Dublin 9"
"€1,000 monthly","1 bedroom (1 double), 1 bathroom, furnished","Parkwood Grove, Tallaght, Dublin 24"
"€1,700 monthly","3 bedrooms (3 double), 2 bathrooms, furnished","Slade Castle, Saggart, Co. Dublin"
"€1,872 monthly","1 bedroom (1 double), 1 bathroom, furnished","Apt 27, Wellington House, 85 Wellington Road, Ballsbridge, Dublin 4"
"€1,390 monthly","1 bedroom (1 twin), 1 bathroom, furnished","The Rise, Whitehall, Glasnevin, Dublin 9"
"€1,900 monthly","2 bedrooms (2 double), 2 bathrooms, furnished","The Anchorage, Robswall, Malahide, Co. Dublin"
€900 monthly,studio apartment to rent,"Wheatfield Crescent, Clondalkin, Dublin 22"
"€1,653 monthly","2 bedrooms (2 double), 1 bathroom, furnished","15 Woodlawn, Lower Mounttown Rd, Dun Laoghaire, Co. Dublin"
"€1,900 monthly","1 bedroom (1 double), 1 bathroom, furnished","Christchurch Place, Christchurch, Dublin 2"
"€1,600 monthly","1 bedroom (1 double), 1 bathroom, furnished","North Circular Road / Marlborough Road, Dublin 7"
"€1,700 monthly","1 bedroom (1 double), 1 bathroom, furnished","Crosbies Yard, East Wall, Dublin 3"
"€1,400 monthly","1 bedroom (1 double), 1 bathroom, furnished","Victoria Street, Portobello, Dublin 8"
"€1,900 monthly","2 bedrooms (2 double), 1 bathroom, furnished","Railway Court, Old St, Malahide, Co. Dublin"
"€1,750 monthly","2 bedrooms (2 double), 1 bathroom, furnished","The Island, Chapelizod, Dublin 20"
"€1,800 monthly","2 bedrooms (2 double), 1 bathroom, furnished","2 Oakwood Avenue Swords, Swords, Co. Dublin"
"€1,150 monthly","2 bedrooms (2 single), 1 bathroom, furnished","St Donagh\'s Road, Donaghmede, Dublin 13"
"€1,750 monthly","2 bedrooms (1 single, 1 double), 2 bathrooms, furnished","49 Rockview Blackglen Road Sandyford, Sandyford, Dublin 18"
"€2,000 monthly","2 bedrooms (2 double), 1 bathroom, furnished","The Wellington, Islandbridge, Chapelizod, Dublin 20"
"€1,450 monthly","2 bedrooms (1 single, 1 double), 1 bathroom, furnished","Belfry Meadows, Citywest, Co. Dublin"
"€1,500 monthly","3 bedrooms (1 single, 2 double), 1 bathroom, furnished","91, Whitethorn Drive, Palmerstown, Palmerstown, Dublin 20"
"€1,750 monthly","1 bedroom (1 double), 1 bathroom, furnished","Tailors Court, Christchurch, Dublin 8"
"€1,750 monthly","1 bedroom (1 double), 1 bathroom, furnished","The Courtyard Pleastants Street, Dublin 8"
"€1,650 monthly","1 bedroom (1 double), 1 bathroom, furnished","Plaza Crescent, Forster Way, Swords Village, Swords, Co. Dublin"
"€1,450 monthly","1 bedroom (1 double), 1 bathroom, furnished","19-21 Lower Rathmines Road, Rathmines, Dublin 6"
"€1,600 monthly","2 bedrooms (2 double), 2 bathrooms, furnished","Prospect Hill, Finglas, Dublin 11"
"€2,000 monthly","2 bedrooms (2 double), 1 bathroom, furnished","Baileys Court, Baileys row, Dublin 1"
"€1,500 monthly","1 bedroom (1 double), 1 bathroom, furnished","36 Lower Rathmines Road, Rathmines, Dublin 6"
"€1,188 monthly","2 bedrooms (1 single, 1 double), 1 bathroom, furnished","The Square, Rush, Co. Dublin"
"€1,533 monthly","2 bedrooms (2 double), 1 bathroom, furnished","Askilawn, Kincora Road, Clontarf, Dublin 3"
"€1,800 monthly","2 bedrooms (2 double), 1 bathroom, furnished","Cornelscourt Cottages, Old Bray Road, Cornelscourt, Dublin 18"
"€1,600 monthly","1 bedroom (1 double), 1 bathroom, furnished","Market Square, Green Street, Dublin 1"
"€1,300 monthly",studio apartment to rent,"Leinster Rd, Rathmines, Dublin 6"
€900 monthly,"1 bedroom (1 double), 1 bathroom, furnished","Right Beside Mater Hospital, Phibsborough, Dublin 7"
"€2,000 monthly","2 bedrooms (1 double, 1 twin), 1 bathroom, furnished","Kings Avenue, Ballybough, Dublin 3"
"€1,100 monthly","1 bedroom (1 double), 1 bathroom, furnished","Apartment At Gerardstown Mews, Ballyboughal, Co. Dublin"
"€1,700 monthly","1 bedroom (1 double), 1 bathroom, furnished","38 Francis Street, Dublin 8"
"€1,600 monthly","1 bedroom (1 double), 1 bathroom, furnished","Slade Castle Wood, Saggart, Co. Dublin"
"€1,500 monthly","1 bedroom (1 twin), 1 bathroom, furnished","North Brunswick Street Dublin 7, Smithfield, Dublin 7"
"€1,800 monthly","2 bedrooms (1 single, 1 twin), 1 bathroom, furnished","25 South Richmond Street, Dublin 2., Portobello, Dublin 8"
"€1,550 monthly","3 bedrooms (1 single, 2 double), 1 bathroom, unfurnished","8 Cherry Avenue, Swords, Co. Dublin"
"€1,300 monthly","1 bedroom (1 double), 1 bathroom, furnished","The Orchard - 7, Cherry Orchard, Dublin 22"
"€1,650 monthly","2 bedrooms (2 double), 1 bathroom, unfurnished","Cremona Road, Ballyfermot, Dublin 10"
"€1,700 monthly","2 bedrooms (2 double), 1 bathroom, furnished","8 Cambria, Monkstown, Co. Dublin"
"€1,600 monthly","2 bedrooms (2 double), 2 bathrooms, furnished","Boroimhe Birches, Swords, Co. Dublin"
€900 monthly,"1 bedroom (1 double), 1 bathroom, furnished","Foxesite, Glencullen, Co. Dublin"
"€1,150 monthly","1 bedroom (1 double), 1 bathroom, furnished","Glin Grove, Coolock, Dublin 5"
"€1,600 monthly","2 bedrooms (1 single, 1 double), 2 bathrooms, furnished","Belarmine Place, Stepaside, Dublin 18"
"€1,850 monthly","2 bedrooms (2 double), 2 bathrooms, furnished","Rosanule, Phoenix Park Racecourse, Castleknock, Dublin 15"
"€1,650 monthly","3 bedrooms (2 double, 1 twin), 4 bathrooms, furnished","Monastery Gate Lawns, Clondalkin, Dublin 22"
"€1,600 monthly","2 bedrooms (2 double), 3 bathrooms, unfurnished","The Courtyard, Clonsilla, Dublin 15"
"€1,700 monthly","1 bedroom (1 double), 1 bathroom, furnished","7 Wicklow Court, 38-40 South Great George's Street, Dublin 2"
"€1,250 monthly","1 bedroom (1 double), 1 bathroom, furnished","1 Cabra Road, Phibsborough, Dublin 7"
"€1,500 monthly","1 bedroom (1 double), 1 bathroom, furnished","Abberley Square, Belgard Road, Tallaght, Dublin 24"
€220 weekly,"1 bedroom (1 single), 1 bathroom, furnished","***STUDENT ACCOMMODATION ONLY***Mountjoy Street, Dublin 7"
€335 weekly,"2 bedrooms (2 double), 1 bathroom, furnished","Salisbury Apartments, South Circular Road, Dublin 8"
"€1,995 monthly","3 bedrooms (1 single, 2 double), 2 bathrooms, furnished","Hunterswood, Ballycullen, Dublin 24"
€275 weekly,studio apartment to rent,"Dorset Street, Dublin 1"
"€1,750 monthly","1 bedroom (1 double), 1 bathroom, furnished","Sussex Terrace Mespil Estate Elm House, Ballsbridge, Dublin 4"
"€1,648 monthly","2 bedrooms (2 double), 2 bathrooms, unfurnished","College View, Silloge Road, Ballymun, Dublin 9"
"€1,550 monthly","2 bedrooms (2 double), 2 bathrooms, furnished","Heath Square, Finglas, Dublin 11"
"€1,800 monthly","2 bedrooms (2 double), 2 bathrooms, furnished","Millrace Road, Phoenix Park Racecourse, Castleknock, Dublin 15"
"€2,000 monthly","2 bedrooms (2 double), 1 bathroom, furnished","32 River Park,the Wellington, Islandbridge, Kilmainham, Dublin 8"
"€1,000 monthly",studio apartment to rent,"1, Old Cabra Road, Dublin 7"
"€1,995 monthly","1 bedroom (1 double), 1 bathroom, furnished","Pembroke Road, Ballsbridge, Dublin 4"
"€1,800 monthly","2 bedrooms (2 double), 1 bathroom, furnished","Loreto Crescent, Rathfarnham, Dublin 14"
"€1,100 monthly","1 bedroom (1 double), 1 bathroom, furnished","Oakwood Road, Glasnevin, Dublin 9"
"€1,924 monthly","2 bedrooms (2 double), 1 bathroom, furnished","South Dock Street, Ringsend, Dublin 4"
"€2,000 monthly","2 bedrooms (2 double), 1 bathroom, furnished","32 River Park, The Wellington, Cunningham Road, Islandbridge, Dublin 8"
"€1,775 monthly","1 bedroom (1 double), 1 bathroom, furnished","Shaw Court, Synge Place, Portobello, Dublin 8"
"€1,700 monthly","3 bedrooms (1 single, 2 double), 1 bathroom, furnished","Dunsink Drive, Finglas, Dublin 11"
"€1,800 monthly","2 bedrooms (2 double), 1 bathroom, unfurnished","22 Tournville Lodge, Rathfarnham, Dublin 14"
"€1,550 monthly","1 bedroom (1 double), 1 bathroom, unfurnished","Hampton Wood Drive One Bedroom Apartments, Finglas, Dublin 11"
"€2,000 monthly","1 bedroom (1 double), 2 bathrooms, furnished","York Road, Rathmines, Dublin 6"
"€1,550 monthly","1 bedroom (1 double), 1 bathroom, unfurnished","Hampton Wood Drive, Finglas, Dublin 11"
"€1,500 monthly","1 bedroom (1 double), 1 bathroom, furnished","14 Upper Mount Pleasant Avenue, Rathmines, Dublin 6"
"€1,550 monthly","1 bedroom (1 double), 1 bathroom, unfurnished","Hampton Woods One Bed Hampton Square, Ballymun, Dublin 11"
€260 weekly,"1 bedroom (1 double), 1 bathroom, furnished","New Mill, Mill Street, The Liberties, Dublin 8"
"€1,850 monthly","2 bedrooms (2 double), 2 bathrooms, furnished","Fern Court, Stepaside Park, Stepaside, Dublin 18"
"€1,900 monthly","2 bedrooms (2 double), 2 bathrooms, furnished","No.14 The Paddocks Court, The Paddocks, Adamstown, Adamstown, Co. Dublin"
"€1,850 monthly","3 bedrooms (3 double), 3 bathrooms, furnished","Achill Square, Blanchardstown, Dublin 15"
"€2,000 monthly","2 bedrooms (2 twin), 1 bathroom, furnished","17 Marks Alley West, off Francis street, Dublin 8"
"€1,300 monthly","1 bedroom (1 double), 1 bathroom, furnished","Mayeston Court, Finglas, Dublin 11"
"€1,550 monthly","1 bedroom (1 double), 1 bathroom, unfurnished","One Bedroom Apartments In Hampton Wood, Finglas, Dublin 11"
"€1,450 monthly","2 bedrooms (2 double), 1 bathroom, furnished","Plunkett Avenue, Finglas, Dublin 11"
"€1,600 monthly","2 bedrooms (2 double), 1 bathroom, furnished","Rosedale Close, Clonee, Dublin 15"
€400 weekly,"1 bedroom (1 double), 1 bath","Old Town Park, Santry, Dublin 9"
"€1,100 monthly","1 bedroom (1 double), 1 bathroom, furnished","Vernon Grove Clontarf Dubin3, Clontarf, Dublin 3"
"€1,600 monthly","1 bedroom (1 double), 1 bathroom, furnished","The Millrace, Chapelizod, Dublin 20"
€280 weekly,studio apartment to rent,"Upper Buckingham Street, Dublin 1"
"€1,300 monthly","1 bedroom (1 double), 1 bathroom, furnished","Main Street, Coolmine, Dublin 15"
"€1,250 monthly","1 bedroom (1 double), 1 bathroom, furnished","Howth Road, Clontarf, Dublin 3"
"€1,950 monthly","1 bedroom (1 double), 1 bathroom, furnished","Craike House Francis Street, Christchurch, Dublin 8"
"€1,890 monthly","1 bedroom (1 double), 1 bathroom, furnished","New Row place, Dublin 8"
"€1,325 monthly","1 bedroom (1 double), 1 bathroom, furnished","(1) Tallaght Cross East, Tallaght, Dublin 24"
"€1,450 monthly","2 bedrooms (1 single, 1 double), 1 bathroom, furnished","Holywell, Swords, Co. Dublin"
"€1,950 monthly","1 bedroom (1 double), 1 bathroom, furnished","Tara Street, Dublin 2"
"€1,950 monthly","1 bedroom (1 double), 1 bathroom, furnished","High Street Christchurch, Christchurch, Dublin 8"
